{
  "project_info": {
    "project_number": "576065904911",
    "firebase_url": "https://miskool-335a5.firebaseio.com",
    "project_id": "miskool-335a5",
    "storage_bucket": "miskool-335a5.appspot.com"
  },
  "client": [
    {
      "client_info": {
        "mobilesdk_app_id": "1:576065904911:android:a99cab49e1f935c3",
        "android_client_info": {
          "package_name": "com.zone.android.miskool"
        }
      },
      "oauth_client": [
        {
          "client_id": "576065904911-amve5q9if37574q9888s1oncptctaplv.apps.googleusercontent.com",
          "client_type": 3
        }
      ],
      "api_key": [
        {
          "current_key": "AIzaSyDPLHkYjWjPl8dqaUEv2W_bMuSpiIGQDEw"
        }
      ],
      "services": {
        "analytics_service": {
          "status": 1
        },
        "appinvite_service": {
          "status": 1,
          "other_platform_oauth_client": []
        },
        "ads_service": {
          "status": 2
        }
      }
    }
  ],
  "configuration_version": "1"
}